kscherer@yow-kscherer-l1,AAAAB3NzaC1kc3MAAACBAIbOZM9uCzc7Zt4Ux8wgVNNaRFwY2WAQDOy2s5mkBngD4wlb+W67lAo6rgBUhCv1iY8wYLouiMHvctS1SmBpZFgrj6TY4PK2OxHze/7ac/ZnxAh3teH28XRN8x1ubMQ0HCQo2uaAtDhNDx5dSUxYZjvBZlR2oVpJkyy0I937+csbAAAAFQCEzu6rNLZw4bw2p7KR7kQc+606AwAAAIAl0Z9dhOUfso3KaN2loIFuzL5kn7mqkfHGwhkchHuVzY30lzf3GgcNAJQTHyDBHilQQxXZAEuUkeDongEoPDrmYGFe0yEzz/OclpsWh1R9L6oAS+7K+gs8UfDeqecBE3Ohm8lyAw2xDAb99kWIWfiiquQtWNjiPdT9wuXkdj4ZegAAAIAzBiUn6Vje9musJKyNhOOjGaOiGIbsqH4wIdHEPiPghx8ADuK+W01SbMo6zIWvibXMU0Q/bCNL/jBoe7cPGtjoLJQ5a1UIySufuRKfo6cv2QtWTUErJOJOL85TLSybz8YOuBo/TMJYr77gROf4SYhJMb0UFDQwkiOL/t6hCL8zhQ==
kscherer@helix,AAAAB3NzaC1yc2EAAAABIwAAAQEAoMAWBsZ+dbQWeRYZ8y2Vtdk7nbcK4HaL2Ael/HxRCgcDBIBkJOU80pizQWq3JstUI0Ls9zCywcKpISOuSBp/3OVHsAExMK6gwiyLn/Rq7NT2I9xZ2jSgFltGi/b9x/+QrUvQ1yq7otv0fFrwhKNbpb11nCJR0CcXFGcQD4kgdmQd+4DAbhvHICBn1041CQWFrWKGfd5maLL1l+cghr0/qNcTr9Fxi81zhqEsT2VJRjacho7qaWJl3xT7l2Lg4Al/qECQRs32NHF8fmbO7eZsBawnwp+gWsabAXWwn28GCQNLGtURxPCKwWJ2RfGOZ5sXmRehg39/9Vxxq8wQnFkiGQ==
bldadmin@yow-lpgbld-master,AAAAB3NzaC1kc3MAAACBAMb5EgnAoaBxuP3GNDlqeQ/ydZgR2JtPqiDFm4d06CaFG45fzsl6AQbouCdLeUiK5rVdfMqUwpcwH7+4K2k3ZgLy7JlwpB5YCoqre/zvky0vDAJS3Yd/NhPbdvEnSnWHpGKrYEvWLOzC0QGY67g1urImsX6bFwmEVRzRd7GH2Kg9AAAAFQDnKcDpZGbGQlBfnDnLOfHVgvimIQAAAIBGIaanpIP1uCX1GeUTyitOgSq3by8sELg5bKwWpYUDpDfOEWvUXvzWXFrP/SWNsxxeUYNSfNKPYDXbRSSwbIlIipI1AgZGUMpyvqLWqdjEo2nwY5MhNOF7Ye8gN1kQ8OQ7RD3ay6SVsz2kvo3WzAdaEgvumpiO0B8gV93BPTyQTQAAAIEAiA0nZlIQk9TecDXBY3OCtzrQ5j1upB0dscqwj0YJ2FP4cx8rn3rJDBXTbDLeiIo+brh/UazRd85MODREXY4Kx5tSoqjuLkqoV17Fj1ijnkovfwfvi/CR0oa57DhZbPsGwX33yKrn/8x/B+nOqAs5qG7dXyO7TQearLjldHL7TyQ=
wfan@pek-wenzong-fan,AAAAB3NzaC1kc3MAAACBAPBhyTlAahJYPtONvfe44DCN9rKgpFTsus0KyJVe4QPW9V1bnT+CB5hWhw9pst0hB0Kih++D+Ew9Ev1gt7zodtg1VaVOgl4ATkbesMMSJZ0iF7/T5twmWAz/SI+qogn8jFcTRzvbXG+kvvZLQ8d7bDiGmSWcf6IJzAl+MsGZRwEvAAAAFQDQcuZ532wEdLXueGuUEhZjUiHt6QAAAIBjjxkD1SXLF5gd03fqYvM8+/Iu9+qgwtsfzwRgOBGeOjtknopuhWM+hWtZuLvcqd4QXBFmNHBZOLJs0RzJ4DhwuptwWI/LMOL+L+9LFOeSAn2SHxJEOuGO6rxEYCMj4nB7SKG6TkyH4GqvnJAML2yTnj9pc+UC88Q9IIBwG3yKQgAAAIEAihIaDA4oHROB9aVuIiD7nHNrE8ZNog+u3MEwuRAHvBTXTcIscjqTcOJshkkZJMyKZzbPBvUYyVy2jPFKZE9OeTTeLuVioQqjBdJ/AlNkoRgBssP7N+VHaajt5rd42gCB2503r6nIkpVkeISD/PRLSb+RlKdftjHKUtE+3Aot2eo=
buildadmin@ala-git,AAAAB3NzaC1yc2EAAAABIwAAAIEA2RJtUqokJQiWPZ2U3emC3GQ2njXBdCFDgtfYKkEzAGeJPljx90olrmwgfL/c4He7OB+1WjvyGsIG2Pk9bim7A6ArIYysh4hYge2Ye8D3hxUTLlrtDSIxTgGK6iWhYVBd8KMfD87X/EXrK9GZnyGk0EDIUR8nvm5O4aLp3TfZ5/s=
jwessel@splat,AAAAB3NzaC1yc2EAAAABIwAAAIEAw4nx2ii+VzHUFAWNK7ujbqHJ21CLULbXAtVRvqFY274hg+YzzZVoQIIPMEL0NVQBhmiKlXLOUmKFOipRwJ0xWwL2L6vLxYBK4uui2zREnk7xz2prTieXA63P+nHu6WLv9onLT474a14mr7eo9RpJ8mw1JkbGGuaO9zWXD10e5X0=
root@ala-blade17,AAAAB3NzaC1yc2EAAAABIwAAAQEAv+ZFcxWdCNuJe2yh1zclvPuIwqZ4yHfTHvfjWFxMC0k4Pf36iu/aMT/5vRWZ/8/g6snVL9PoVZtMDYI0hiKL8DgDAcT8976VuFY36ZEupCH2jfUJ17fzMuIraRMfjLtfM8pIWURdb9i45U/d3EJg6l08CXk3cZ4SJ5dZyTI1uq8QBa4b09AiD+T1nOxgu34T1onOft0pX7aVlA10VUMQR3fbaA+VL44eSscM3HbdrFo0AIA21SdqXUGNwjuPJE//dir7seCPdHNuWFZ738oxJiyWQzu9il5s2y0IKTUAkqIUVLnrsOcqvyyyX0x2UjTplnYRqbU8BNhIZEE+mFdewQ==
root@ala-blade14,AAAAB3NzaC1kc3MAAACBAO0+nSccza82NTo+YvksbYqWKqFJg2JjP1DpjueqhjPE9AF1VaTK2+7uWNQfWefbGTyk/zaxTzMfnbxwmqhWxVVDbR18gyYuxXXFq/R3ZpduWJKlX+zYOJcpJs8hG0tX2S9s1/X+bXT+oaiN/BHQrVopS3mzotNBmJNMoZiksr+rAAAAFQD9lI82N/6H1BQHWXMt6FF+/Qu05wAAAIBl8MIknvvnIkBd24UYdtfKnmFPR8Jv63JNys+wz0/f+YxLyS0NbSZ8JVF4tZOVB+tNOkTsbFjEXfecXUAT690Qx/pIXJLL6pcLVCBu/1RoBmHys/zv61ZI1qhzSbM7unYmYeh/ukn0PB0z16ipPUdl4SAjtoZgvfkCoJC/IaKLWgAAAIBy/dIWb00SR778U2+bAW404sUP9VPQEz+gPNviyRViMBs9hEQqYORVYtqtDfKWdPwyoVqJyAJQWXUi+U2lVBiRrbvEhP2RWCtQn6aUX/Lnl+EBbL9T8OuRvgvhupzq/Hw3ZhbPiCz0JQE+eEL9fsztcryzz8O/YYvvpFOmCuO03g==
root@ala-blade9,AAAAB3NzaC1yc2EAAAABIwAAAQEA5PhPd8xbKTlDAYZJHuA6SP84Q9pr+dx5WB4E9Enps0219SpGB3U6Y2ca6psOZq6clVmhNoWNRLrFhumgZueUvkafd3VBFLz7oOSi9kgJcVOAO6lpAGdjyZbT8E8VvYzPG1aWuIVg8UvbRcebG19Yol7e/f+65OudpJuXhytGMncgBHwDfDb626AJA3YKcnzzHg7A0jIMefQnhdkejAlXdNnG2ZMl9yIajWkzzhHfcELdft7J/7Bjb9yZFoLsN1bPDg3k01uc9aHYJQhhr4lpfE870OI5QEyoI0JmDpv2WYhSCb/8m3QtVlvC+HUi+2I7O5Yus4w2A27QN0tUCiIHjw==
root@ala-blade25,AAAAB3NzaC1yc2EAAAABIwAAAQEAvZpWF43b5tKApYKLP2MQXMEmRux9EH7h5kRqVCprGS1gGsBk27kqqbylZUGqJ9oKT1zOhT9z9VxZocxb9Z37oMxbUWBYNioDFya6DuE4EYr5TVok85iNbP3SP9AsOIe47+BLao4PfvCYBo8gLnx0Ob4Nu+IHy6Wgy6AdPvYXwYEWCYY87eitvZbV94Idf08rREukhYAQ5KHavijeUGNQ5R0pcQhiKm0/dAGFwH2XQUoQVybKQb1FjFJT+9r9EG0awJGZC6xIqAIcXTu3YiWBdk1dKYSYaLRBumfjuvNq+CddOrIeWRbN+sWixwGUG7Ri5eP9Gi8+M0dc5ygtv21ffw==
