SLED-10.2,docbook-xsl-stylesheets,gnome-doc-utils,portmap,tetex,libxml2-devel,glibc-devel,gcc-c++,zlib-devel,doxygen,libacl-devel,expect,gconf2,termcap,ncurses-devel,libstdc++-devel,openssl-devel,gettext-devel,automake,patch,ncurses,pkgconfig,libxslt,xorg-x11-devel,libcap-devel,libmudflap,libcom_err,gd,xorg-x11,ghostscript-library,freetype2-devel,gcc,autoconf,fontconfig-devel
SLED-11.0-x86_64,glibc,docbook-xsl-stylesheets,mc,xorg-x11-libs,perl-gettext,file,libattr,rpm,less,desktop-file-utils,iso_ent,doxygen,glibc-32bit,perl-XML-Parser,expect,xorg-x11-proto-devel,xorg-x11-libX11-devel,findutils,xorg-x11-libXext-devel,indent,login,libstdc++43,automake,binutils,tcl,coreutils,patch,texlive-bin,libgcc43,xorg-x11-fonts-devel,netpbm,libncurses5,tk-32bit,libxslt,xorg-x11-libXt-devel,libcap-devel,pango,gcc43-32bit,sysvinit,perl,man,ghostscript-library,glib2,procps,gawk,netcfg,man-pages,postfix,grep,cups-client,gcc-c++,bash,zlib,libnet,keyutils-libs-32bit,gconf2,gettext-tools,perl-HTML-Tagset,libxml2,agfa-fonts,zip,xorg-x11-libX11,pkg-config,libtool,tar,gpg2,groff,xmlcharent,iputils-ss021109,xorg-x11-libXext,ImageMagick,perl-base,Mesa,bc,iproute2,krb5,make,glibc-devel-32bit,opensp,libreadline5,libselinux1,ghostscript-omni,libuuid1-32bit,libasound2,xorg-x11,net-snmp,libcom_err2-32bit,bzip2,cpp,mailx,gcc,gcc43,texlive,unzip,tcsh,alsa-devel,gettext-runtime,fontconfig,libxml2-devel,zlib-devel,xorg-x11-libSM-devel,curl,xorg-x11-libXrender,terminfo-base,gperf,net-tools,timezone,pwdutils,aaa_base,openssh,graphviz,udev,xorg-x11-server,ghostscript-fonts-std,sed,flex,libstdc++43-devel,linux-kernel-headers,gcc43-c++,info,ntp,python,xorg-x11-devel,samba-client-32bit,libncurses5-32bit,libcom_err-devel,lzma,yp-tools,util-linux,perl-HTML-Parser,sgml-skel,xorg-x11-libXv-devel,w3m,diffutils,xorg-x11-xauth,rsync,glibc-devel,shared-mime-info,cpp43,libacl-devel,xorg-x11-libXfixes-devel,gzip,ncurses-devel,ed,xorg-x11-libICE-devel,mono-core,docbook_4,scrollkeeper,desktop-data-SLED,rsh,ncurses-devel-32bit,e2fsprogs,xorg-x11-fonts-core,xterm,sled-release,xorg-x11-libICE,glibc-locale,perl-libwww-perl,cdparanoia,xorg-x11-libXrender-devel,pax,libsensors4-32bit,xorg-x11-util-devel,python-base,perl-URI,cpio,autoconf
SLED-11.0,glibc,docbook-xsl-stylesheets,mc,xorg-x11-libs,perl-gettext,file,libattr,rpm,libsensors4,less,desktop-file-utils,iso_ent,doxygen,perl-XML-Parser,expect,xorg-x11-proto-devel,xorg-x11-libX11-devel,findutils,xorg-x11-libXext-devel,indent,login,libstdc++43,automake,binutils,tcl,coreutils,patch,texlive-bin,libgcc43,xorg-x11-fonts-devel,netpbm,libncurses5,libxslt,xorg-x11-libXt-devel,libcap-devel,pango,sysvinit,perl,man,ghostscript-library,glib2,procps,novell-NLDAPsdk-dyn,gawk,netcfg,man-pages,postfix,grep,cups-client,bash,gcc-c++,libblkid1,zlib,libnet,libext2fs2,gconf2,gettext-tools,perl-HTML-Tagset,agfa-fonts,libxml2,zip,xorg-x11-libX11,pkg-config,libtool,tar,gpg2,groff,xmlcharent,iputils-ss021109,xorg-x11-libXext,ImageMagick,perl-base,bc,iproute2,libuuid1,krb5,make,opensp,libreadline5,libselinux1,ghostscript-omni,libasound2,xorg-x11,net-snmp,bzip2,cpp,mailx,gcc,tk,texlive,gcc43,unzip,tcsh,gettext-runtime,alsa-devel,fontconfig,libxml2-devel,curl,xorg-x11-libSM-devel,zlib-devel,xorg-x11-libXrender,cdparanoia-IIIalpha9.8,terminfo-base,gperf,net-tools,timezone,pwdutils,aaa_base,openssh,keyutils-libs,graphviz,udev,xorg-x11-server,ghostscript-fonts-std,sed,linux-kernel-headers,libstdc++43-devel,gcc43-c++,ntp,info,python,xorg-x11-devel,libexpat1,libcom_err-devel,lzma,yp-tools,util-linux,perl-HTML-Parser,sgml-skel,w3m,diffutils,xorg-x11-xauth,rsync,glibc-devel,shared-mime-info,cpp43,libacl-devel,xorg-x11-libXfixes-devel,gzip,ncurses-devel,ed,mono-core,xorg-x11-libICE-devel,samba-client,docbook_4,scrollkeeper,desktop-data-SLED,rsh,libcom_err2,e2fsprogs,xorg-x11-fonts-core,xterm,sled-release,xorg-x11-libICE,perl-libwww-perl,pax,xorg-x11-libXrender-devel,xorg-x11-util-devel,python-base,perl-URI,cpio,autoconf
Ubuntu-10.04-x86_64,groff-base,file,gettext,libacl1-dev,zlib1g-dev,portmap,sysv-rc,libsensors4,zlib1g,less,desktop-file-utils,doxygen,expect,python2.6,gcc-4.4,libx11-dev,findutils,libcap-dev,login,automake,binutils,coreutils,patch,libss2,install-info,time,libdb4.8-dev,libexpat1-dev,libncurses5,libidn11,docbook-xml,x11-utils,perl,base-files,procps,xsltproc,lib32gcc1,x11-xserver-utils,python-gst0.10,libx11-6,libc-bin,gawk,libcomerr2,xtrans-dev,python2.6-minimal,mlocate,libxinerama-dev,grep,cups-client,bash,x11-xkb-utils,liblocale-gettext-perl,libblkid1,sysvinit-utils,texlive-base,libxml2-utils,comerr-dev,mawk,gconf2,imagemagick,ncurses-base,debianutils,libc6-i386,x11proto-xext-dev,zip,pkg-config,gcc-4.4-multilib,python-libxml2,gnupg,libtool,tzdata,xauth,tar,libxrender1,cpp-4.4,libxml2-dev,ss-dev,libxext-dev,perl-base,bc,xfonts-utils,cvs,libuuid1,make,libreadline5,libxext6,libcap2,libreadline5-dev,libasound2,bzip2,dpkg,tcl8.4,g++,python-zope.interface,xfonts-encodings,unzip,manpages-dev,hostname,fontconfig,ghostscript,xorg-docs-core,python-imaging,net-tools,locales,perl-modules,libc6-dev,rarian-compat,udev,libc-dev-bin,e2fslibs,libgl1-mesa-glx,libxcb1,tex-common,libstdc++6-4.4-dev,sed,flex,libltdl-dev,linux-libc-dev,libxrandr2,libkeyutils1,xutils-dev,libncurses5-dev,lib32ncurses5-dev,libmagic1,ntpdate,libexpat1,passwd,bsdmainutils,libxau6,lzma,docbook-xsl,util-linux,x11proto-core-dev,diffutils,linux-headers-generic,rsync,shared-mime-info,libxdmcp6,gzip,libgcc1,ed,man-db,cups-bsd,x11proto-kb-dev,texinfo,python-apport,xterm,libstdc++6,libc6,openssh-client,cdparanoia,ncurses-bin,texlive-binaries,libc6-dev-i386,g++-4.4,cpio,autoconf
Ubuntu-10.04,groff-base,file,gettext,libacl1-dev,zlib1g-dev,portmap,sysv-rc,libsensors4,zlib1g,less,desktop-file-utils,doxygen,expect,python2.6,gcc-4.4,libx11-dev,findutils,libcap-dev,login,automake,binutils,coreutils,patch,libss2,install-info,time,libexpat1-dev,libncurses5,libidn11,docbook-xml,x11-utils,perl,base-files,procps,xsltproc,x11-xserver-utils,python-gst0.10,libx11-6,libc-bin,gawk,libcomerr2,xtrans-dev,python2.6-minimal,mlocate,libxinerama-dev,grep,cups-client,bash,x11-xkb-utils,liblocale-gettext-perl,libblkid1,sysvinit-utils,texlive-base,libxml2-utils,comerr-dev,mawk,gconf2,imagemagick,ncurses-base,debianutils,x11proto-xext-dev,zip,pkg-config,python-libxml2,gnupg,libtool,tzdata,xauth,tar,libxrender1,cpp-4.4,libxml2-dev,ss-dev,libxext-dev,perl-base,bc,xfonts-utils,cvs,libuuid1,make,libreadline5,libxext6,libcap2,libreadline5-dev,libasound2,bzip2,dpkg,tcl8.4,g++,python-zope.interface,xfonts-encodings,unzip,manpages-dev,hostname,fontconfig,ghostscript,xorg-docs-core,python-imaging,net-tools,locales,perl-modules,libc6-dev,rarian-compat,udev,libc-dev-bin,e2fslibs,libgl1-mesa-glx,libxcb1,tex-common,libstdc++6-4.4-dev,sed,libltdl-dev,linux-libc-dev,libxrandr2,libkeyutils1,xutils-dev,libncurses5-dev,libmagic1,ntpdate,libexpat1,passwd,bsdmainutils,libxau6,lzma,docbook-xsl,util-linux,x11proto-core-dev,diffutils,linux-headers-generic,rsync,shared-mime-info,libxdmcp6,gzip,libgcc1,ed,man-db,cups-bsd,x11proto-kb-dev,texinfo,python-apport,xterm,libstdc++6,libc6,openssh-client,cdparanoia,ncurses-bin,texlive-binaries,g++-4.4,cpio,autoconf
Fedora-13-x86_64,man.x86_64,texlive-texmf,findutils.x86_64,libX11.x86_64,libstdc++.x86_64,net-tools.x86_64,rsh.x86_64,gawk.x86_64,elinks.x86_64,nscd.x86_64,libcap-devel.x86_64,gettext.x86_64,xorg-x11-proto-devel,imake.x86_64,libss-devel.x86_64,xterm.x86_64,expat-devel.x86_64,passwd.x86_64,automake,yp-tools.x86_64,perl.x86_64,selinux-policy,readline.x86_64,mysql-libs.x86_64,shared-mime-info.x86_64,pygobject2.x86_64,libcap.i686,doxygen.x86_64,libcom_err-devel.x86_64,cdparanoia.x86_64,gnupg2.x86_64,util-linux-ng.x86_64,libX11-devel.x86_64,libxml2-devel.x86_64,libxml2.x86_64,procps.x86_64,kernel-headers.x86_64,zlib.x86_64,man-pages,readline-devel.x86_64,shadow-utils.x86_64,bzip2.x86_64,fontconfig.x86_64,libXrender.x86_64,usermode.x86_64,mlocate.x86_64,sendmail.x86_64,rpm.x86_64,libstdc++-devel.i686,diffutils.x86_64,bc.x86_64,gcc.x86_64,file.x86_64,libxslt.x86_64,libXau.x86_64,tzdata,ghostscript.x86_64,make.x86_64,policycoreutils.x86_64,glibc-headers.x86_64,glibc-static.x86_64,perl-devel.x86_64,curl.x86_64,gzip.x86_64,chkconfig.x86_64,zip.x86_64,libXrandr.x86_64,expect.x86_64,cpio.x86_64,glibc-devel.x86_64,grep.x86_64,tar.x86_64,libXext-devel.x86_64,hostname.x86_64,sed.x86_64,xml-common,gstreamer-python.x86_64,patch.x86_64,glibc-common.x86_64,libtool.x86_64,ncurses-devel.i686,glibc-devel.i686,libwmf.x86_64,db4-devel.x86_64,cpp.x86_64,xfsprogs.x86_64,pywebkitgtk.x86_64,xdg-utils,sysvinit-tools.x86_64,which.x86_64,gcc-c++.x86_64,ncurses-devel.x86_64,nss-softokn-freebl.x86_64,selinux-policy-targeted,GConf2.x86_64,glibc.x86_64,expat.x86_64,initscripts.x86_64,openssh-clients.x86_64,docbook-style-xsl,rsync.x86_64,ntpdate.x86_64,libxcb.x86_64,xorg-x11-xauth.x86_64,libgcj.x86_64,desktop-file-utils.x86_64,unzip.x86_64,dbus-glib.x86_64,libXext.x86_64,cups.x86_64,texlive-texmf-fonts,glibc.i686,setup,ncurses-base.x86_64,ed.x86_64,perl-Pod-Simple.x86_64,ntp.x86_64,ImageMagick.x86_64,urw-fonts,udev.x86_64,python.x86_64,flex.x86_64,ncurses-libs.x86_64,abrt-addon-python.x86_64,xorg-x11-font-utils.x86_64,groff.x86_64,less.x86_64,perl-Error,info.x86_64,libacl-devel,tcl.x86_64,perl-XML-Parser.x86_64,pkgconfig.x86_64,cvs.x86_64,libgcc.i686,perl-ExtUtils-MakeMaker.x86_64,kernel.x86_64,lua.x86_64,httpd.x86_64,coreutils.x86_64,perl-ExtUtils-ParseXS.x86_64,bash.x86_64,ncurses.x86_64,libcap.x86_64,xz.x86_64,texinfo.x86_64,perl-Pod-Escapes.x86_64,xorg-x11-server-utils.x86_64,xorg-x11-xkb-utils.x86_64,e2fsprogs-devel.x86_64,zlib-devel.x86_64,binutils.x86_64,libstdc++-devel.x86_64,python-paste,fedora-release,python-imaging.x86_64,file-libs.x86_64,texlive.x86_64,autoconf
Fedora-13,glibc,which,texlive-texmf,file,gettext,xfsprogs,rpm,libblkid,less,desktop-file-utils,libss,perl-ExtUtils-MakeMaker,doxygen,nscd,sysvinit-tools,expect,perl-XML-Parser,xorg-x11-proto-devel,libXau,findutils,dbus-glib,xorg-x11-xkb-utils,pywebkitgtk,automake,binutils,libwmf,coreutils,tcl,selinux-policy,patch,libss-devel,perl-devel,libuuid,libgcj,perl-Pod-Simple,readline,libxslt,libcap-devel,perl,gstreamer-python,man,libcom_err,initscripts,chkconfig,gnupg2,procps,file-libs,gawk,man-pages,mlocate,expat-devel,grep,policycoreutils,bash,gcc-c++,libXrender,abrt-addon-python,zlib,glibc-static,samba-winbind-clients,xz,ncurses-base,httpd,libxml2,zip,xorg-x11-font-utils,shadow-utils,pygobject2,libtool,tzdata,tar,perl-ExtUtils-ParseXS,groff,ncurses,e2fsprogs-devel,ImageMagick,libXext-devel,bc,openssh-clients,cvs,libcap,pkgconfig,nss-softokn-freebl,make,libxcb,libX11-devel,elinks,kernel-headers,bzip2,cpp,gcc,util-linux-ng,libXrandr,texlive,GConf2,unzip,libxcb-devel,hostname,readline-devel,fontconfig,xml-common,libxml2-devel,curl,zlib-devel,ghostscript,python-imaging,net-tools,ncurses-libs,xdg-utils,lm_sensors-libs,keyutils-libs,usermode,cups,glibc-common,udev,libXext,selinux-policy-targeted,sed,docbook-style-xsl,ntp,info,libXdmcp-devel,python,texlive-texmf-fonts,libX11,ntpdate,passwd,setup,libcom_err-devel,yp-tools,lua,urw-fonts,diffutils,xorg-x11-xauth,rsync,expat,glibc-devel,shared-mime-info,libstdc++,libacl-devel,gzip,imake,sendmail,ncurses-devel,libstdc++-devel,db4-devel,ed,kernel-PAE,xorg-x11-server-utils,texinfo,mysql-libs,libXau-devel,rsh,xterm,cdparanoia,e2fsprogs-libs,glibc-headers,python-paste,perl-Pod-Escapes,fedora-release,cpio,autoconf
Fedora-14-x86_64,texlive-texmf,findutils.x86_64,libX11.x86_64,libstdc++.x86_64,net-tools.x86_64,rsh.x86_64,gawk.x86_64,perl-ExtUtils-MakeMaker,elinks.x86_64,nscd.x86_64,libcap-devel.x86_64,gettext.x86_64,xorg-x11-proto-devel,imake.x86_64,libss-devel.x86_64,xterm.x86_64,expat-devel.x86_64,passwd.x86_64,automake,yp-tools.x86_64,perl.x86_64,selinux-policy,readline.x86_64,mysql-libs.x86_64,shared-mime-info.x86_64,pygobject2.x86_64,libcap.i686,doxygen.x86_64,libcom_err-devel.x86_64,cdparanoia.x86_64,gnupg2.x86_64,util-linux-ng.x86_64,perl-Pod-Simple,libX11-devel.x86_64,libxml2-devel.x86_64,libxml2.x86_64,procps.x86_64,kernel-headers.x86_64,zlib.x86_64,man-pages,readline-devel.x86_64,shadow-utils.x86_64,bzip2.x86_64,fontconfig.x86_64,libXrender.x86_64,usermode.x86_64,mlocate.x86_64,sendmail.x86_64,rpm.x86_64,libstdc++-devel.i686,diffutils.x86_64,bc.x86_64,gcc.x86_64,file.x86_64,libxslt.x86_64,libXau.x86_64,tzdata,perl-ExtUtils-ParseXS,ghostscript.x86_64,make.x86_64,policycoreutils.x86_64,glibc-headers.x86_64,glibc-static.x86_64,perl-devel.x86_64,curl.x86_64,gzip.x86_64,chkconfig.x86_64,zip.x86_64,libXrandr.x86_64,cpio.x86_64,glibc-devel.x86_64,grep.x86_64,tar.x86_64,libXext-devel.x86_64,hostname.x86_64,sed.x86_64,xml-common,gstreamer-python.x86_64,patch.x86_64,glibc-common.x86_64,libtool.x86_64,glibc-devel.i686,libwmf.x86_64,db4-devel.x86_64,cpp.x86_64,xfsprogs.x86_64,pywebkitgtk.x86_64,xdg-utils,sysvinit-tools.x86_64,which.x86_64,gcc-c++.x86_64,ncurses-devel.x86_64,nss-softokn-freebl.x86_64,selinux-policy-targeted,GConf2.x86_64,glibc.x86_64,expat.x86_64,initscripts.x86_64,openssh-clients.x86_64,docbook-style-xsl,rsync.x86_64,ntpdate.x86_64,libxcb.x86_64,xorg-x11-xauth.x86_64,libgcj.x86_64,desktop-file-utils.x86_64,unzip.x86_64,dbus-glib.x86_64,libXext.x86_64,cups.x86_64,texlive-texmf-fonts,glibc.i686,setup,ncurses-base.x86_64,ed.x86_64,ntp.x86_64,ImageMagick.x86_64,urw-fonts,udev.x86_64,python.x86_64,man-db.x86_64,flex.x86_64,ncurses-libs.x86_64,abrt-addon-python.x86_64,xorg-x11-font-utils.x86_64,groff.x86_64,less.x86_64,perl-Error,info.x86_64,libacl-devel,tcl.x86_64,perl-XML-Parser.x86_64,pkgconfig.x86_64,cvs.x86_64,libgcc.i686,kernel.x86_64,lua.x86_64,httpd.x86_64,coreutils.x86_64,bash.x86_64,ncurses.x86_64,libcap.x86_64,xz.x86_64,texinfo.x86_64,xorg-x11-server-utils.x86_64,xorg-x11-xkb-utils.x86_64,e2fsprogs-devel.x86_64,zlib-devel.x86_64,binutils.x86_64,libstdc++-devel.x86_64,python-paste,perl-Pod-Escapes,fedora-release,python-imaging.x86_64,file-libs.x86_64,texlive.x86_64,autoconf
Fedora-14,glibc,which,texlive-texmf,file,gettext,xfsprogs,rpm,libblkid,less,desktop-file-utils,libss,perl-ExtUtils-MakeMaker,doxygen,nscd,sysvinit-tools,perl-XML-Parser,xorg-x11-proto-devel,libXau,findutils,dbus-glib,xorg-x11-xkb-utils,pywebkitgtk,automake,binutils,libwmf,coreutils,tcl,selinux-policy,patch,libss-devel,perl-devel,libuuid,libgcj,perl-Pod-Simple,readline,libxslt,libcap-devel,perl,gstreamer-python,libcom_err,initscripts,chkconfig,gnupg2,procps,file-libs,gawk,man-pages,mlocate,expat-devel,grep,policycoreutils,bash,gcc-c++,libXrender,abrt-addon-python,zlib,glibc-static,samba-winbind-clients,xz,ncurses-base,httpd,libxml2,zip,xorg-x11-font-utils,shadow-utils,pygobject2,libtool,tzdata,tar,perl-ExtUtils-ParseXS,groff,ncurses,e2fsprogs-devel,ImageMagick,libXext-devel,bc,openssh-clients,cvs,libcap,pkgconfig,nss-softokn-freebl,make,libxcb,libX11-devel,elinks,kernel-headers,bzip2,cpp,gcc,util-linux-ng,libXrandr,texlive,GConf2,unzip,libxcb-devel,hostname,readline-devel,fontconfig,xml-common,libxml2-devel,curl,zlib-devel,ghostscript,python-imaging,net-tools,ncurses-libs,xdg-utils,lm_sensors-libs,keyutils-libs,usermode,cups,glibc-common,udev,libXext,selinux-policy-targeted,sed,docbook-style-xsl,ntp,info,libXdmcp-devel,python,texlive-texmf-fonts,libX11,ntpdate,passwd,setup,libcom_err-devel,yp-tools,lua,urw-fonts,diffutils,xorg-x11-xauth,rsync,expat,glibc-devel,shared-mime-info,libstdc++,libacl-devel,gzip,imake,sendmail,ncurses-devel,libstdc++-devel,db4-devel,ed,kernel-PAE,xorg-x11-server-utils,man-db,texinfo,mysql-libs,libXau-devel,rsh,xterm,cdparanoia,e2fsprogs-libs,glibc-headers,python-paste,perl-Pod-Escapes,fedora-release,cpio,autoconf
OpenSuSE-11.2-x86_64,glibc,docbook-xsl-stylesheets,ksh,xorg-x11-libs,file,cairo-32bit,xorg-x11-libXfixes-32bit,krb5-32bit,xorg-x11-libXprintUtil-32bit,rpm,less,iso_ent,gcc44-c++,doxygen,glibc-32bit,expect,dejavu,xorg-x11-proto-devel,xorg-x11-libX11-devel,findutils,xorg-x11-libXext-devel,fontconfig-32bit,indent,login,libtiff3-32bit,automake,binutils,libstdc++44-32bit,coreutils,tcl,xorg-x11-libXmu-32bit,patch,libcroco-0_6-3-32bit,texlive-bin,gcc44-32bit,xorg-x11-fonts-devel,libncurses5,openSUSE-release,xorg-x11-libX11-32bit,libxslt,freetype2-32bit,libcap-devel,pango,sysvinit,perl,libgomp44-32bit,man,ghostscript-library,glib2,procps,gawk,netcfg,man-pages,libldap-2_4-2-32bit,libexpat-devel,grep,postfix,cups-client,bash,gcc-c++,gtk2-32bit,cpp44,zlib,xorg-x11-libxcb-32bit,xorg-x11-libXau,keyutils-libs-32bit,gconf2,libstdc++44-devel,xz,gettext-tools,libxml2,zip,xorg-x11-libX11,pkg-config,libtool,tar,gcc44,gpg2,cyrus-sasl-32bit,groff,xmlcharent,xorg-x11-libXext,xorg-x11-libXext-32bit,geoclue-gpsd,desktop-data-openSUSE,perl-base,bc,cvs,krb5,xorg-x11-libSM-32bit,make,glibc-devel-32bit,opensp,libuuid1-32bit,libasound2,xorg-x11,libcom_err2-32bit,bzip2,cpp,libgcc44-32bit,gcc,tk,texlive,xorg-x11-libXp-32bit,unzip,readline-devel,xorg-x11-libXrender-32bit,tcsh,gettext-runtime,alsa-devel,fontconfig,xorg-x11-libfontenc-32bit,curl,cups-libs-32bit,zlib-devel,xorg-x11-libXrender,libdb-4_5-32bit,terminfo-base,rhino,python-gobject2,libgobject-2_0-0-32bit,gperf,net-tools,pwdutils,timezone,aaa_base,openssh,libpng12-0-32bit,graphviz,udev,xorg-x11-libICE-32bit,libpixman-1-0-32bit,libstdc++44,xorg-x11-libXau-32bit,sed,NetworkManager-openvpn,flex,linux-kernel-headers,xorg-x11-libxcb,info,alsa-oss-32bit,ntp,python,libjpeg-32bit,libdb-4_5-devel,cracklib-dict-full,xorg-x11-libXpm-32bit,libncurses5-32bit,libexpat1,libopenssl0_9_8-32bit,libcom_err-devel,librsvg-32bit,NetworkManager-vpnc,yp-tools,util-linux,sgml-skel,xorg-x11-libs-32bit,w3m,diffutils,xorg-x11-xauth,rsync,glibc-devel,libacl-devel,gzip,libtdb1-32bit,libgmodule-2_0-0-32bit,ncurses-devel,libgcc44,ed,mono-core,docbook_4,ncurses-devel-32bit,alsa,libglib-2_0-0-32bit,glibc-locale,pax,libgio-2_0-0-32bit,pango-32bit,libreadline6,unscd,xorg-x11-util-devel,python-base,cpio,autoconf
OpenSuSE-11.2,glibc,docbook-xsl-stylesheets,ksh,xorg-x11-libs,perl-gettext,file,rpm,libsensors4,less,desktop-file-utils,iso_ent,gcc44-c++,doxygen,expect,dejavu,xorg-x11-proto-devel,xorg-x11-libX11-devel,findutils,xorg-x11-libXext-devel,indent,login,automake,binutils,libwmf,coreutils,tcl,patch,texlive-bin,xorg-x11-fonts-devel,netpbm,libncurses5,openSUSE-release,libxslt,libcap-devel,pango,sysvinit,perl,man,ghostscript-library,ufraw,glib2,procps,gawk,netcfg,man-pages,libexpat-devel,grep,postfix,cups-client,bash,gcc-c++,libblkid1,cpp44,zlib,xorg-x11-libXau,libext2fs2,gconf2,libstdc++44-devel,xz,gettext-tools,libxml2,zip,xorg-x11-libX11,pkg-config,libtool,tar,gcc44,gpg2,groff,xmlcharent,xorg-x11-libXext,ImageMagick,desktop-data-openSUSE,perl-base,Mesa,bc,cvs,libuuid1,krb5,make,opensp,libasound2,xorg-x11,bzip2,cpp,gcc,texlive,unzip,readline-devel,tcsh,gettext-runtime,alsa-devel,fontconfig,libxml2-devel,curl,zlib-devel,xorg-x11-libXrender,terminfo-base,rhino,python-gobject2,gperf,net-tools,pwdutils,timezone,aaa_base,openssh,keyutils-libs,graphviz,udev,xorg-x11-server,libstdc++44,ghostscript-fonts-std,sed,linux-kernel-headers,xorg-x11-libxcb,info,ntp,python,libdb-4_5-devel,libexpat1,libcom_err-devel,yp-tools,util-linux,sgml-skel,enscript,w3m,diffutils,xorg-x11-xauth,rsync,glibc-devel,shared-mime-info,libacl-devel,gzip,ncurses-devel,libgcc44,ed,mono-core,samba-client,docbook_4,libcom_err2,xorg-x11-fonts-core,xterm,glibc-locale,cdparanoia,pax,libreadline6,unscd,xorg-x11-util-devel,python-base,cpio,autoconf
OpenSuSE-11.3-x86_64,glibc,docbook-xsl-stylesheets,ksh,xorg-x11-libs,file,cairo-32bit,xorg-x11-libXfixes-32bit,krb5-32bit,xorg-x11-libXprintUtil-32bit,rpm,less,iso_ent,doxygen,glibc-32bit,dejavu,xorg-x11-proto-devel,gcc45-32bit,libstdc++45,xorg-x11-libX11-devel,findutils,xorg-x11-libXext-devel,fontconfig-32bit,indent,login,libtiff3-32bit,automake,binutils,coreutils,tcl,xorg-x11-libXmu-32bit,patch,libcroco-0_6-3-32bit,texlive-bin,xorg-x11-fonts-devel,libncurses5,openSUSE-release,xorg-x11-libX11-32bit,libxslt,libcap-devel,pango,sysvinit,perl,man,ghostscript-library,glib2,procps,gawk,netcfg,man-pages,libldap-2_4-2-32bit,libexpat-devel,grep,postfix,cups-client,bash,gcc-c++,gtk2-32bit,zlib,xorg-x11-libxcb-32bit,xorg-x11-libXau,keyutils-libs-32bit,xz,gettext-tools,libxml2,zip,xorg-x11-libX11,pkg-config,libtool,tar,gpg2,cyrus-sasl-32bit,groff,xmlcharent,xorg-x11-libXext,xorg-x11-libXext-32bit,geoclue-gpsd,desktop-data-openSUSE,perl-base,bc,cvs,libstdc++45-32bit,krb5,xorg-x11-libSM-32bit,make,glibc-devel-32bit,opensp,libuuid1-32bit,libasound2,xorg-x11,libcom_err2-32bit,bzip2,cpp,gcc,tk,texlive,xorg-x11-libXp-32bit,unzip,readline-devel,xorg-x11-libXrender-32bit,tcsh,gettext-runtime,alsa-devel,fontconfig,xorg-x11-libfontenc-32bit,curl,cups-libs-32bit,zlib-devel,xorg-x11-libXrender,libdb-4_5-32bit,terminfo-base,rhino,python-gobject2,libgobject-2_0-0-32bit,gperf,net-tools,pwdutils,timezone,aaa_base,openssh,libpng12-0-32bit,libgcc45-32bit,graphviz,udev,xorg-x11-libICE-32bit,libpixman-1-0-32bit,gcc45,xorg-x11-libXau-32bit,sed,NetworkManager-openvpn,libgcc45,flex,xorg-x11-libxcb,info,alsa-oss-32bit,ntp,python,libdb-4_5-devel,cracklib-dict-full,xorg-x11-libXpm-32bit,libncurses5-32bit,libexpat1,libopenssl0_9_8-32bit,libgomp45-32bit,libcom_err-devel,librsvg-32bit,NetworkManager-vpnc,yp-tools,util-linux,cpp45,sgml-skel,xorg-x11-libs-32bit,w3m,diffutils,xorg-x11-xauth,rsync,glibc-devel,libacl-devel,gzip,libtdb1-32bit,libgmodule-2_0-0-32bit,ncurses-devel,ed,mono-core,docbook_4,libstdc++45-devel,alsa,gcc45-c++,libfreetype6-32bit,libglib-2_0-0-32bit,glibc-locale,pax,libgio-2_0-0-32bit,pango-32bit,libreadline6,unscd,xorg-x11-util-devel,python-base,libjpeg8-32bit,cpio,autoconf
OpenSuSE-11.3,glibc,docbook-xsl-stylesheets,ksh,xorg-x11-libs,perl-gettext,file,rpm,libsensors4,less,desktop-file-utils,iso_ent,doxygen,dejavu,xorg-x11-proto-devel,libstdc++45,xorg-x11-libX11-devel,findutils,xorg-x11-libXext-devel,indent,login,automake,binutils,libwmf,coreutils,tcl,patch,texlive-bin,xorg-x11-fonts-devel,netpbm,libncurses5,openSUSE-release,libxslt,libcap-devel,pango,sysvinit,perl,man,ghostscript-library,ufraw,glib2,procps,gawk,netcfg,man-pages,libexpat-devel,grep,postfix,cups-client,bash,gcc-c++,libblkid1,zlib,xorg-x11-libXau,libext2fs2,gconf2,xz,gettext-tools,libxml2,zip,xorg-x11-libX11,pkg-config,libtool,tar,gpg2,groff,xmlcharent,xorg-x11-libXext,ImageMagick,desktop-data-openSUSE,perl-base,Mesa,bc,cvs,libuuid1,krb5,make,opensp,libasound2,xorg-x11,bzip2,cpp,gcc,texlive,unzip,readline-devel,tcsh,gettext-runtime,alsa-devel,fontconfig,libxml2-devel,curl,zlib-devel,xorg-x11-libXrender,terminfo-base,rhino,python-gobject2,gperf,net-tools,pwdutils,timezone,aaa_base,openssh,keyutils-libs,graphviz,udev,gcc45,xorg-x11-server,ghostscript-fonts-std,sed,libgcc45,xorg-x11-libxcb,info,ntp,python,libdb-4_5-devel,libexpat1,libcom_err-devel,yp-tools,util-linux,cpp45,sgml-skel,enscript,w3m,diffutils,xorg-x11-xauth,rsync,glibc-devel,shared-mime-info,libacl-devel,gzip,ncurses-devel,ed,mono-core,samba-client,docbook_4,libcom_err2,libstdc++45-devel,xorg-x11-fonts-core,xterm,gcc45-c++,glibc-locale,cdparanoia,pax,libreadline6,unscd,xorg-x11-util-devel,python-base,cpio,autoconf
RedHat-4,glibc,vim-enhanced,xorg-x11-libs,which,rpm-build,iproute,gettext,file,libattr,rpm,less,desktop-file-utils,doxygen,perl-XML-Parser,fonts-xorg-base,expect,mpi-selector,findutils,libidn,beecrypt-devel,libtool-libs,indent,openssl-devel,libtermcap-devel,automake,binutils,tcl,coreutils,glibc-kernheaders,patch,SysVinit,krb5-libs,audit-libs,libgcj,xorg-x11-Mesa-libGL,libxslt,iputils,libcap-devel,openssh-askpass-gnome,perl,man,gdbm-devel,pam-devel,initscripts,chkconfig,glib2,procps,gawk,man-pages,gnome-doc-utils,expat-devel,automake14,freetype-devel,grep,gcc-c++,bash,zlib,bison,swig,perl-HTML-Tagset,libxml2,dbus,zip,xorg-x11-font-utils,shadow-utils,samba-common,pam,guile,libtool,gnupg,tzdata,tar,krb5-workstation,db4,groff,ncurses,tetex-fonts,e2fsprogs-devel,openjade,ImageMagick,gcc-g77,docbook-dtds,bc,openssh-clients,cvs,libcap,qt,pkgconfig,make,elinks,xorg-x11,mysql,bzip2,libgcj-devel,cpp,ctags,mailx,gcc,tk,libtermcap,GConf2,unzip,tcsh,tetex,fontconfig,xml-common,openssl,libxml2-devel,zlib-devel,curl,sysfsutils,gnuplot,ghostscript,libacl,net-tools,keyutils-libs,libogg-devel,automake17,usermode,cups,glibc-common,selinux-policy-targeted,libattr-devel,tog-pegasus,libvorbis-devel,sed,kernel-smp-devel,docbook-style-xsl,glib2-devel,cscope,tcp_wrappers,krb5-devel,ntp,python,xorg-x11-devel,passwd,bzip2-devel,setup,popt,kdelibs,yp-tools,psgml,util-linux,urw-fonts,perl-HTML-Parser,intltool,gdbm,diffutils,xorg-x11-xauth,pdksh,mysqlclient10,rsync,glibc-devel,expat,shared-mime-info,libstdc++,libacl-devel,libf2c,gzip,sendmail,htmlview,ncurses-devel,libstdc++-devel,ed,db4-devel,openldap,libgcc,scrollkeeper,texinfo,elfutils-libelf-devel,rsh,perl-LDAP,mktemp,e2fsprogs,xterm,libusb-devel,libusb,slocate,valgrind,perl-libwww-perl,cdparanoia,pax,netpbm-progs,sgml-common,glibc-headers,libselinux-devel,perl-URI,cpio
RedHat-5-x86_64,m4,gettext,portmap,openssl-devel.x86_64,byacc,doxygen,expect,perl-XML-Parser,xorg-x11-proto-devel,xorg-x11-xkb-utils,libtermcap-devel,automake,binutils,tcl,patch,libX11-devel.x86_64,libxslt,libcap-devel,gawk,libX11-devel.i386,gnome-doc-utils,tcl-devel,gcc-c++,zlib,xorg-x11-font-utils,libtool,zlib.i386,tetex-fonts,e2fsprogs-devel,libXext-devel,ncurses.i386,pkgconfig,make,glibc-devel.x86_64,cpp,gcc,libtermcap,GConf2,tetex,cracklib,libxml2-devel,zlib-devel,ghostscript,ncurses-devel.x86_64,glibc-common,libXext,ncurses-devel.i386,glibc.x86_64,docbook-style-xsl,sed,flex,glibc.i686,libacl-devel,libstdc++,imake,db4-devel,libgcc,glibc-devel.i386,ncurses.x86_64,glibc-headers,cpio,autoconf
RedHat-5.1-x86_64,m4,gettext,portmap,openssl-devel.x86_64,byacc,doxygen,expect,perl-XML-Parser,xorg-x11-proto-devel,xorg-x11-xkb-utils,libtermcap-devel,automake,binutils,tcl,patch,libX11-devel.x86_64,libxslt,libcap-devel,gawk,libX11-devel.i386,gnome-doc-utils,tcl-devel,gcc-c++,zlib,xorg-x11-font-utils,libtool,zlib.i386,tetex-fonts,e2fsprogs-devel,libXext-devel,ncurses.i386,pkgconfig,make,glibc-devel.x86_64,cpp,gcc,libtermcap,GConf2,tetex,cracklib,libxml2-devel,zlib-devel,ghostscript,ncurses-devel.x86_64,glibc-common,libXext,ncurses-devel.i386,glibc.x86_64,docbook-style-xsl,sed,flex,glibc.i686,libacl-devel,libstdc++,imake,db4-devel,libgcc,glibc-devel.i386,ncurses.x86_64,glibc-headers,cpio,autoconf
RedHat-5.1,m4,portmap,byacc,doxygen,expect,perl-XML-Parser,xorg-x11-xkb-utils,openssl-devel,automake,binutils,tcl,libxslt,libcap-devel,gawk,gnome-doc-utils,gcc-c++,xorg-x11-font-utils,libtool,ncurses,e2fsprogs-devel,libXext-devel,libX11-devel,kernel-headers,gcc,GConf2,tetex,libxml2-devel,zlib-devel,ghostscript,elfutils-libelf,libXext,sed,docbook-style-xsl,expat,libacl-devel,ncurses-devel,libstdc++-devel,db4-devel,texinfo,glibc-headers,autoconf
RedHat-5.2-x86_64,m4,gettext,portmap,openssl-devel.x86_64,byacc,doxygen,expect,perl-XML-Parser,xorg-x11-proto-devel,xorg-x11-xkb-utils,libtermcap-devel,automake,binutils,tcl,patch,libX11-devel.x86_64,libxslt,libcap-devel,gawk,libX11-devel.i386,gnome-doc-utils,tcl-devel,gcc-c++,zlib,xorg-x11-font-utils,libtool,zlib.i386,tetex-fonts,e2fsprogs-devel,libXext-devel,ncurses.i386,pkgconfig,make,glibc-devel.x86_64,cpp,gcc,libtermcap,GConf2,tetex,cracklib,libxml2-devel,zlib-devel,ghostscript,ncurses-devel.x86_64,glibc-common,libXext,ncurses-devel.i386,glibc.x86_64,docbook-style-xsl,sed,flex,glibc.i686,libacl-devel,libstdc++,imake,db4-devel,libgcc,glibc-devel.i386,ncurses.x86_64,glibc-headers,cpio,autoconf
RedHat-5.2,m4,portmap,byacc,doxygen,expect,perl-XML-Parser,xorg-x11-xkb-utils,openssl-devel,automake,binutils,tcl,libxslt,libcap-devel,gawk,gnome-doc-utils,gcc-c++,xorg-x11-font-utils,libtool,ncurses,e2fsprogs-devel,libXext-devel,libX11-devel,kernel-headers,gcc,GConf2,tetex,libxml2-devel,zlib-devel,ghostscript,elfutils-libelf,libXext,sed,docbook-style-xsl,expat,libacl-devel,ncurses-devel,libstdc++-devel,db4-devel,texinfo,glibc-headers,autoconf
RedHat-5.3-x86_64,vim-enhanced,which,iproute,gettext,file,liberation-fonts,rpm,less,desktop-file-utils,byacc,doxygen,expect,perl-XML-Parser,xorg-x11-proto-devel,findutils,dbus-glib,xorg-x11-xkb-utils,openssl-devel,libtermcap-devel,automake,binutils,tcl,coreutils,patch,libselinux,SysVinit,libgcj,libxslt,iputils,libcap-devel,perl,man,initscripts,chkconfig,glib2,procps,gawk,man-pages,mlocate,tcl-devel,grep,bash,gcc-c++,libXrender,zlib,bsh,httpd,perl-HTML-Tagset,libxml2,zip,xorg-x11-font-utils,shadow-utils,gnupg,libtool,tzdata,tar,krb5-workstation,groff,tetex-fonts,e2fsprogs-devel,openjade,libXext-devel,docbook-dtds,bc,ncurses.i386,openssh-clients,qt,pkgconfig,make,libX11-devel,openssh-askpass,opensp,elinks,kernel-headers,glibc-devel.x86_64,bzip2,cpp,mailx,gcc,libXrandr,xorg-x11-apps,tk,GConf2,unzip,tcsh,tetex,fontconfig,xml-common,libxml2-devel,curl,zlib-devel,ghostscript,net-tools,termcap,dejavu-lgc-fonts,xorg-x11-fonts-base,keyutils-libs,usermode,cups,glibc-common,ncurses-devel.x86_64,udev,libXext,ncurses-devel.i386,glibc.x86_64,sed,docbook-style-xsl,tcp_wrappers,flex,ntp,python,glibc.i686,libX11,passwd,setup,popt,yp-tools,psgml,util-linux,urw-fonts,perl-HTML-Parser,enscript,diffutils,xorg-x11-xauth,rsync,shared-mime-info,libstdc++,libacl-devel,gzip,imake,sendmail,htmlview,libstdc++-devel,ed,db4-devel,xorg-x11-server-utils,libgcc,scrollkeeper,rsh,mktemp,e2fsprogs,glibc-devel.i386,xterm,ncurses.x86_64,perl-libwww-perl,pax,e2fsprogs-libs,sgml-common,glibc-headers,perl-URI,cpio,autoconf
RedHat-5.3,glibc,vim-enhanced,which,iproute,gettext,file,liberation-fonts,rpm,less,desktop-file-utils,byacc,doxygen,expect,perl-XML-Parser,xorg-x11-proto-devel,findutils,dbus-glib,xorg-x11-xkb-utils,libtermcap-devel,openssl-devel,automake,binutils,tcl,libwmf,coreutils,libgcj,libxslt,iputils,libcap-devel,perl,man,initscripts,chkconfig,glib2,procps,gawk,man-pages,mlocate,grep,bash,gcc-c++,libXrender,zlib,bsh,httpd,perl-HTML-Tagset,libxml2,zip,xorg-x11-font-utils,shadow-utils,samba-common,gnupg,libtool,tzdata,tar,krb5-workstation,groff,ncurses,tetex-fonts,e2fsprogs-devel,openjade,libXext-devel,docbook-dtds,bc,openssh-clients,qt,pkgconfig,make,libX11-devel,openssh-askpass,opensp,elinks,kernel-headers,bzip2,cpp,mailx,gcc,libXrandr,xorg-x11-apps,tk,gcc43,GConf2,unzip,tcsh,tetex,fontconfig,xml-common,libxml2-devel,curl,zlib-devel,ghostscript,net-tools,dejavu-lgc-fonts,xorg-x11-fonts-base,keyutils-libs,usermode,cups,glibc-common,udev,libXext,sed,docbook-style-xsl,tcp_wrappers,libstdc++43-devel,gcc43-c++,ntp,python,libX11,passwd,setup,popt,yp-tools,psgml,util-linux,urw-fonts,perl-HTML-Parser,enscript,diffutils,xorg-x11-xauth,rsync,glibc-devel,shared-mime-info,libstdc++,libacl-devel,gzip,imake,sendmail,htmlview,ncurses-devel,libstdc++-devel,ed,db4-devel,xorg-x11-server-utils,libgcc,scrollkeeper,texinfo,rsh,mktemp,e2fsprogs,xterm,perl-libwww-perl,cdparanoia,pax,e2fsprogs-libs,netpbm-progs,sgml-common,glibc-headers,perl-URI,cpio,autoconf
RedHat-5.4-x86_64,vim-enhanced,which,gettext,file,rpm,less,desktop-file-utils,doxygen,nscd,expect,perl-XML-Parser,xorg-x11-proto-devel,libXau,findutils,dbus-glib,xorg-x11-xkb-utils,libXdmcp,libtermcap-devel,automake,binutils,tcl,libwmf,coreutils,selinux-policy,patch,libgcj,readline,libxslt,libcap-devel,perl,man,initscripts,chkconfig,glib2,procps,gawk,man-pages,mesa-libGL-devel,mlocate,expat-devel,tcl-devel,grep,bash,gcc-c++,libXrender,zlib,bsh,httpd,libxml2,zip,xorg-x11-font-utils,shadow-utils,pygobject2,gnupg,libXinerama-devel,libtool,tzdata,tar,krb5-workstation,groff,ncurses,tetex-fonts,e2fsprogs-devel,openjade,libXext-devel,docbook-dtds,bc,openssh-clients,qt,pkgconfig,make,libX11-devel,openssh-askpass,opensp,elinks,kernel-headers,glibc-devel.x86_64,bzip2,cpp,gcc,libXrandr,xorg-x11-apps,tk,libtermcap,GConf2,unzip,readline-devel,tcsh,tetex,fontconfig,xml-common,libxml2-devel,curl,zlib-devel,ghostscript,xorg-x11-server-Xorg,net-tools,termcap,xorg-x11-fonts-base,keyutils-libs,usermode,cups,glibc-common,ncurses-devel.x86_64,udev,libXext,selinux-policy-targeted,ncurses-devel.i386,glibc.x86_64,sed,docbook-style-xsl,tcp_wrappers,flex,ntp,python,glibc.i686,libX11,passwd,setup,popt,yp-tools,psgml,util-linux,urw-fonts,python-numeric,enscript,diffutils,xorg-x11-xauth,rsync,expat,shared-mime-info,libstdc++,libacl-devel,gzip,imake,sendmail,htmlview,libstdc++-devel,ed,db4-devel,xorg-x11-server-utils,libgcc,rsh,mktemp,e2fsprogs,glibc-devel.i386,xterm,cdparanoia,pax,e2fsprogs-libs,netpbm-progs,sgml-common,glibc-headers,cpio,autoconf
RedHat-5.4,glibc,vim-enhanced,which,gettext,file,rpm,less,desktop-file-utils,doxygen,nscd,expect,perl-XML-Parser,xorg-x11-proto-devel,libXau,findutils,dbus-glib,xorg-x11-xkb-utils,libXdmcp,libtermcap-devel,automake,binutils,tcl,libwmf,coreutils,selinux-policy,patch,libgcj,readline,libxslt,libcap-devel,perl,man,initscripts,chkconfig,glib2,procps,gawk,man-pages,mesa-libGL-devel,mlocate,expat-devel,grep,bash,gcc-c++,libXrender,zlib,bsh,httpd,libxml2,zip,xorg-x11-font-utils,shadow-utils,samba-common,pygobject2,gnupg,libXinerama-devel,libtool,tzdata,tar,krb5-workstation,groff,ncurses,tetex-fonts,e2fsprogs-devel,openjade,libXext-devel,docbook-dtds,bc,openssh-clients,libcap,qt,pkgconfig,make,libX11-devel,openssh-askpass,opensp,elinks,kernel-headers,bzip2,cpp,gcc,libXrandr,xorg-x11-apps,tk,libtermcap,GConf2,unzip,readline-devel,tcsh,tetex,fontconfig,xml-common,libxml2-devel,curl,zlib-devel,ghostscript,xorg-x11-server-Xorg,net-tools,termcap,xorg-x11-fonts-base,keyutils-libs,usermode,cups,glibc-common,udev,libXext,selinux-policy-targeted,sed,docbook-style-xsl,tcp_wrappers,ntp,python,libX11,passwd,setup,popt,yp-tools,psgml,util-linux,urw-fonts,python-numeric,enscript,diffutils,xorg-x11-xauth,rsync,expat,glibc-devel,shared-mime-info,libstdc++,libacl-devel,gzip,imake,sendmail,htmlview,ncurses-devel,libstdc++-devel,ed,db4-devel,xorg-x11-server-utils,libgcc,rsh,mktemp,e2fsprogs,xterm,cdparanoia,pax,e2fsprogs-libs,netpbm-progs,sgml-common,glibc-headers,cpio,autoconf
RedHat-5.5-x86_64,vim-enhanced,which,gettext,file,rpm,less,desktop-file-utils,doxygen,nscd,expect,perl-XML-Parser,xorg-x11-proto-devel,libXau,findutils,dbus-glib,xorg-x11-xkb-utils,libXdmcp,libtermcap-devel,automake,binutils,tcl,libwmf,coreutils,selinux-policy,patch,libgcj,readline,libxslt,libcap-devel,perl,man,initscripts,chkconfig,glib2,procps,gawk,man-pages,mesa-libGL-devel,mlocate,expat-devel,tcl-devel,grep,bash,gcc-c++,libXrender,zlib,bsh,httpd,libxml2,zip,xorg-x11-font-utils,shadow-utils,pygobject2,gnupg,libXinerama-devel,libtool,tzdata,tar,krb5-workstation,groff,ncurses,tetex-fonts,e2fsprogs-devel,openjade,libXext-devel,docbook-dtds,bc,openssh-clients,qt,pkgconfig,make,libX11-devel,openssh-askpass,opensp,elinks,kernel-headers,glibc-devel.x86_64,bzip2,cpp,gcc,libXrandr,xorg-x11-apps,tk,libtermcap,GConf2,unzip,readline-devel,tcsh,tetex,fontconfig,xml-common,libxml2-devel,curl,zlib-devel,ghostscript,xorg-x11-server-Xorg,net-tools,termcap,xorg-x11-fonts-base,keyutils-libs,usermode,cups,glibc-common,ncurses-devel.x86_64,udev,libXext,selinux-policy-targeted,ncurses-devel.i386,glibc.x86_64,sed,docbook-style-xsl,tcp_wrappers,flex,ntp,python,glibc.i686,libX11,passwd,setup,popt,yp-tools,psgml,util-linux,urw-fonts,python-numeric,enscript,diffutils,xorg-x11-xauth,rsync,expat,shared-mime-info,libstdc++,libacl-devel,gzip,imake,sendmail,htmlview,libstdc++-devel,ed,db4-devel,xorg-x11-server-utils,libgcc,rsh,mktemp,e2fsprogs,glibc-devel.i386,xterm,cdparanoia,pax,e2fsprogs-libs,netpbm-progs,sgml-common,glibc-headers,cpio,autoconf
RedHat-5.5,glibc,vim-enhanced,which,gettext,file,rpm,less,desktop-file-utils,doxygen,nscd,expect,perl-XML-Parser,xorg-x11-proto-devel,libXau,findutils,dbus-glib,xorg-x11-xkb-utils,libXdmcp,libtermcap-devel,automake,binutils,tcl,libwmf,coreutils,selinux-policy,patch,libgcj,readline,libxslt,libcap-devel,perl,man,initscripts,chkconfig,glib2,procps,gawk,man-pages,mesa-libGL-devel,mlocate,expat-devel,grep,bash,gcc-c++,libXrender,zlib,bsh,httpd,libxml2,zip,xorg-x11-font-utils,shadow-utils,samba-common,pygobject2,gnupg,libXinerama-devel,libtool,tzdata,tar,krb5-workstation,groff,ncurses,tetex-fonts,e2fsprogs-devel,openjade,libXext-devel,docbook-dtds,bc,openssh-clients,libcap,qt,pkgconfig,make,libX11-devel,openssh-askpass,opensp,elinks,kernel-headers,bzip2,cpp,gcc,libXrandr,xorg-x11-apps,tk,libtermcap,GConf2,unzip,readline-devel,tcsh,tetex,fontconfig,xml-common,libxml2-devel,curl,zlib-devel,ghostscript,xorg-x11-server-Xorg,net-tools,termcap,xorg-x11-fonts-base,keyutils-libs,usermode,cups,glibc-common,udev,libXext,selinux-policy-targeted,sed,docbook-style-xsl,tcp_wrappers,ntp,python,libX11,passwd,setup,popt,yp-tools,psgml,util-linux,urw-fonts,python-numeric,enscript,diffutils,xorg-x11-xauth,rsync,expat,glibc-devel,shared-mime-info,libstdc++,libacl-devel,gzip,imake,sendmail,htmlview,ncurses-devel,libstdc++-devel,ed,db4-devel,xorg-x11-server-utils,libgcc,rsh,mktemp,e2fsprogs,xterm,cdparanoia,pax,e2fsprogs-libs,netpbm-progs,sgml-common,glibc-headers,cpio,autoconf
RedHat-5.6-x86_64,vim-enhanced,which,gettext,file,rpm,less,desktop-file-utils,doxygen,nscd,expect,perl-XML-Parser,xorg-x11-proto-devel,libXau,findutils,dbus-glib,xorg-x11-xkb-utils,libXdmcp,libtermcap-devel,automake,binutils,tcl,libwmf,coreutils,selinux-policy,patch,libgcj,readline,libxslt,libcap-devel,perl,man,initscripts,chkconfig,glib2,procps,gawk,man-pages,mesa-libGL-devel,mlocate,expat-devel,tcl-devel,grep,bash,gcc-c++,libXrender,zlib,bsh,httpd,libxml2,zip,xorg-x11-font-utils,shadow-utils,pygobject2,gnupg,libXinerama-devel,libtool,tzdata,tar,krb5-workstation,groff,ncurses,tetex-fonts,e2fsprogs-devel,openjade,libXext-devel,docbook-dtds,bc,openssh-clients,qt,pkgconfig,make,libX11-devel,openssh-askpass,opensp,elinks,kernel-headers,glibc-devel.x86_64,bzip2,cpp,gcc,libXrandr,xorg-x11-apps,tk,libtermcap,GConf2,unzip,readline-devel,tcsh,tetex,fontconfig,xml-common,libxml2-devel,curl,zlib-devel,ghostscript,xorg-x11-server-Xorg,net-tools,termcap,xorg-x11-fonts-base,keyutils-libs,usermode,cups,glibc-common,ncurses-devel.x86_64,udev,libXext,selinux-policy-targeted,ncurses-devel.i386,glibc.x86_64,sed,docbook-style-xsl,tcp_wrappers,flex,ntp,python,glibc.i686,libX11,passwd,setup,popt,yp-tools,psgml,util-linux,urw-fonts,python-numeric,enscript,diffutils,xorg-x11-xauth,rsync,expat,shared-mime-info,libstdc++,libacl-devel,gzip,imake,sendmail,htmlview,libstdc++-devel,ed,db4-devel,xorg-x11-server-utils,libgcc,rsh,mktemp,e2fsprogs,glibc-devel.i386,xterm,cdparanoia,pax,e2fsprogs-libs,netpbm-progs,sgml-common,glibc-headers,cpio,autoconf
RedHat-5.6,glibc,vim-enhanced,which,gettext,file,rpm,less,desktop-file-utils,doxygen,nscd,expect,perl-XML-Parser,xorg-x11-proto-devel,libXau,findutils,dbus-glib,xorg-x11-xkb-utils,libXdmcp,libtermcap-devel,automake,binutils,tcl,libwmf,coreutils,selinux-policy,patch,libgcj,readline,libxslt,libcap-devel,perl,man,initscripts,chkconfig,glib2,procps,gawk,man-pages,mesa-libGL-devel,mlocate,expat-devel,grep,bash,gcc-c++,libXrender,zlib,bsh,httpd,libxml2,zip,xorg-x11-font-utils,shadow-utils,samba-common,pygobject2,gnupg,libXinerama-devel,libtool,tzdata,tar,krb5-workstation,groff,ncurses,tetex-fonts,e2fsprogs-devel,openjade,libXext-devel,docbook-dtds,bc,openssh-clients,libcap,qt,pkgconfig,make,libX11-devel,openssh-askpass,opensp,elinks,kernel-headers,bzip2,cpp,gcc,libXrandr,xorg-x11-apps,tk,libtermcap,GConf2,unzip,readline-devel,tcsh,tetex,fontconfig,xml-common,libxml2-devel,curl,zlib-devel,ghostscript,xorg-x11-server-Xorg,net-tools,termcap,xorg-x11-fonts-base,keyutils-libs,usermode,cups,glibc-common,udev,libXext,selinux-policy-targeted,sed,docbook-style-xsl,tcp_wrappers,ntp,python,libX11,passwd,setup,popt,yp-tools,psgml,util-linux,urw-fonts,python-numeric,enscript,diffutils,xorg-x11-xauth,rsync,expat,glibc-devel,shared-mime-info,libstdc++,libacl-devel,gzip,imake,sendmail,htmlview,ncurses-devel,libstdc++-devel,ed,db4-devel,xorg-x11-server-utils,libgcc,rsh,mktemp,e2fsprogs,xterm,cdparanoia,pax,e2fsprogs-libs,netpbm-progs,sgml-common,glibc-headers,cpio,autoconf
RedHat-5,m4,portmap,byacc,doxygen,expect,perl-XML-Parser,xorg-x11-xkb-utils,openssl-devel,automake,binutils,tcl,libxslt,libcap-devel,gawk,gnome-doc-utils,gcc-c++,xorg-x11-font-utils,libtool,ncurses,e2fsprogs-devel,libXext-devel,libX11-devel,kernel-headers,gcc,GConf2,tetex,libxml2-devel,zlib-devel,ghostscript,elfutils-libelf,libXext,sed,docbook-style-xsl,expat,libacl-devel,ncurses-devel,libstdc++-devel,db4-devel,texinfo,glibc-headers,autoconf
RedHat-6.0-x86_64,man.x86_64,findutils.x86_64,texlive-texmf,libX11.x86_64,libstdc++.x86_64,net-tools.x86_64,libacl-devel.x86_64,gawk.x86_64,libcap-devel.x86_64,gettext.x86_64,xorg-x11-proto-devel,imake.x86_64,libss-devel.x86_64,pax.x86_64,expat-devel.x86_64,passwd.x86_64,automake,yp-tools.x86_64,perl.x86_64,selinux-policy,readline.x86_64,mysql-libs.x86_64,shared-mime-info.x86_64,pygobject2.x86_64,glib2.x86_64,doxygen.x86_64,cdparanoia.x86_64,libcom_err-devel.x86_64,gnupg2.x86_64,vim-enhanced.x86_64,util-linux-ng.x86_64,libX11-devel.x86_64,libxml2.x86_64,procps.x86_64,kernel-headers.x86_64,zlib.x86_64,man-pages,readline-devel.x86_64,shadow-utils.x86_64,bzip2.x86_64,fontconfig.x86_64,usermode.x86_64,rpm.x86_64,diffutils.x86_64,bc.x86_64,gcc.x86_64,file.x86_64,libxslt.x86_64,libXau.x86_64,time.x86_64,tzdata,ghostscript.x86_64,make.x86_64,policycoreutils.x86_64,glibc-headers.x86_64,glibc-static.x86_64,curl.x86_64,gzip.x86_64,chkconfig.x86_64,zip.x86_64,expect.x86_64,cpio.x86_64,glibc-devel.x86_64,grep.x86_64,tar.x86_64,libXext-devel.x86_64,sed.x86_64,xml-common,gstreamer-python.x86_64,patch.x86_64,glibc-common.x86_64,libtool.x86_64,ncurses-devel.i686,glibc-devel.i686,postfix.x86_64,cpp.x86_64,qt3.x86_64,pywebkitgtk.x86_64,sysvinit-tools.x86_64,which.x86_64,gcc-c++.x86_64,ncurses-devel.x86_64,nss-softokn-freebl.x86_64,selinux-policy-targeted,GConf2.x86_64,glibc.x86_64,expat.x86_64,initscripts.x86_64,openssh-clients.x86_64,docbook-style-xsl,rsync.x86_64,ntpdate.x86_64,libxcb.x86_64,xorg-x11-xauth.x86_64,desktop-file-utils.x86_64,unzip.x86_64,dbus-glib.x86_64,libXext.x86_64,cups.x86_64,glibc.i686,setup,ncurses-base.x86_64,ed.x86_64,perl-Pod-Simple.x86_64,ntp.x86_64,urw-fonts,udev.x86_64,python.x86_64,ncurses-libs.x86_64,abrt-addon-python.x86_64,xorg-x11-font-utils.x86_64,groff.x86_64,less.x86_64,info.x86_64,tcl.x86_64,pkgconfig.x86_64,cvs.x86_64,libgcc.i686,tcsh.x86_64,kernel.x86_64,enscript.x86_64,libgcc.x86_64,lua.x86_64,httpd.x86_64,coreutils.x86_64,bash.x86_64,redhat-release-workstation.x86_64,ncurses.x86_64,libcap.x86_64,xz.x86_64,sysstat.x86_64,perl-Pod-Escapes.x86_64,xorg-x11-server-utils.x86_64,openssh-askpass.x86_64,xorg-x11-xkb-utils.x86_64,zlib-devel.x86_64,binutils.x86_64,libstdc++-devel.x86_64,valgrind.x86_64,file-libs.x86_64,texlive.x86_64
RedHat-6.0,glibc,vim-enhanced,which,texlive-texmf,gettext,file,rpm,libblkid,less,desktop-file-utils,libss,doxygen,sysvinit-tools,expect,xorg-x11-proto-devel,libXau,findutils,dbus-glib,xorg-x11-xkb-utils,pywebkitgtk,automake,binutils,coreutils,tcl,sysstat,selinux-policy,patch,libss-devel,libuuid,time,kernel,perl-Pod-Simple,readline,libxslt,libcap-devel,perl,gstreamer-python,man,libcom_err,initscripts,chkconfig,gnupg2,glib2,procps,file-libs,gawk,man-pages,expat-devel,postfix,grep,policycoreutils,bash,gcc-c++,libXrender,abrt-addon-python,zlib,glibc-static,samba-winbind-clients,xz,ncurses-base,httpd,libxml2,zip,xorg-x11-font-utils,shadow-utils,pygobject2,libtool,tzdata,tar,groff,ncurses,libXext-devel,bc,openssh-clients,cvs,libcap,pkgconfig,nss-softokn-freebl,make,libxcb,libX11-devel,openssh-askpass,mesa-libGLU,kernel-headers,bzip2,cpp,gcc,util-linux-ng,libXrandr,texlive,GConf2,unzip,readline-devel,tcsh,fontconfig,xml-common,curl,zlib-devel,ghostscript,net-tools,ncurses-libs,lm_sensors-libs,keyutils-libs,usermode,qt3,cups,glibc-common,udev,libXext,selinux-policy-targeted,sed,docbook-style-xsl,ntp,info,python,libXcursor,libX11,ntpdate,passwd,setup,libcom_err-devel,yp-tools,lua,urw-fonts,enscript,cups-libs,diffutils,xorg-x11-xauth,rsync,expat,glibc-devel,shared-mime-info,libstdc++,libacl-devel,gzip,imake,postgresql-libs,ncurses-devel,libstdc++-devel,ed,xorg-x11-server-utils,libgcc,mysql-libs,valgrind,cdparanoia,pax,e2fsprogs-libs,glibc-headers,perl-Pod-Escapes,cpio
RedHat-6.1-x86_64,man.x86_64,findutils.x86_64,texlive-texmf,libX11.x86_64,libstdc++.x86_64,net-tools.x86_64,libacl-devel.x86_64,gawk.x86_64,libcap-devel.x86_64,gettext.x86_64,xorg-x11-proto-devel,imake.x86_64,libss-devel.x86_64,pax.x86_64,expat-devel.x86_64,passwd.x86_64,automake,yp-tools.x86_64,perl.x86_64,selinux-policy,readline.x86_64,mysql-libs.x86_64,shared-mime-info.x86_64,pygobject2.x86_64,glib2.x86_64,doxygen.x86_64,cdparanoia.x86_64,libcom_err-devel.x86_64,gnupg2.x86_64,vim-enhanced.x86_64,util-linux-ng.x86_64,libX11-devel.x86_64,libxml2.x86_64,procps.x86_64,kernel-headers.x86_64,zlib.x86_64,man-pages,readline-devel.x86_64,shadow-utils.x86_64,bzip2.x86_64,fontconfig.x86_64,usermode.x86_64,rpm.x86_64,diffutils.x86_64,bc.x86_64,gcc.x86_64,file.x86_64,libxslt.x86_64,libXau.x86_64,time.x86_64,tzdata,ghostscript.x86_64,make.x86_64,policycoreutils.x86_64,glibc-headers.x86_64,glibc-static.x86_64,curl.x86_64,gzip.x86_64,chkconfig.x86_64,zip.x86_64,expect.x86_64,cpio.x86_64,glibc-devel.x86_64,grep.x86_64,tar.x86_64,libXext-devel.x86_64,sed.x86_64,xml-common,gstreamer-python.x86_64,patch.x86_64,glibc-common.x86_64,libtool.x86_64,ncurses-devel.i686,glibc-devel.i686,postfix.x86_64,cpp.x86_64,qt3.x86_64,pywebkitgtk.x86_64,sysvinit-tools.x86_64,which.x86_64,gcc-c++.x86_64,ncurses-devel.x86_64,nss-softokn-freebl.x86_64,selinux-policy-targeted,GConf2.x86_64,glibc.x86_64,expat.x86_64,initscripts.x86_64,openssh-clients.x86_64,docbook-style-xsl,rsync.x86_64,ntpdate.x86_64,libxcb.x86_64,xorg-x11-xauth.x86_64,desktop-file-utils.x86_64,unzip.x86_64,dbus-glib.x86_64,libXext.x86_64,cups.x86_64,glibc.i686,setup,ncurses-base.x86_64,ed.x86_64,perl-Pod-Simple.x86_64,ntp.x86_64,urw-fonts,udev.x86_64,python.x86_64,ncurses-libs.x86_64,abrt-addon-python.x86_64,xorg-x11-font-utils.x86_64,groff.x86_64,less.x86_64,info.x86_64,tcl.x86_64,pkgconfig.x86_64,cvs.x86_64,libgcc.i686,tcsh.x86_64,kernel.x86_64,enscript.x86_64,libgcc.x86_64,lua.x86_64,httpd.x86_64,coreutils.x86_64,bash.x86_64,redhat-release-workstation.x86_64,ncurses.x86_64,libcap.x86_64,xz.x86_64,sysstat.x86_64,perl-Pod-Escapes.x86_64,xorg-x11-server-utils.x86_64,openssh-askpass.x86_64,xorg-x11-xkb-utils.x86_64,e2fsprogs-devel.x86_64,zlib-devel.x86_64,binutils.x86_64,libstdc++-devel.x86_64,valgrind.x86_64,file-libs.x86_64,texlive.x86_64
RedHat-6.1,glibc,vim-enhanced,which,texlive-texmf,gettext,file,rpm,libblkid,less,desktop-file-utils,libss,doxygen,sysvinit-tools,expect,xorg-x11-proto-devel,libXau,findutils,dbus-glib,xorg-x11-xkb-utils,pywebkitgtk,automake,binutils,coreutils,tcl,sysstat,selinux-policy,patch,libss-devel,libuuid,time,kernel,perl-Pod-Simple,readline,libxslt,libcap-devel,perl,gstreamer-python,man,libcom_err,initscripts,chkconfig,gnupg2,glib2,procps,file-libs,gawk,man-pages,expat-devel,postfix,grep,policycoreutils,bash,gcc-c++,libXrender,abrt-addon-python,zlib,glibc-static,samba-winbind-clients,xz,ncurses-base,httpd,libxml2,zip,xorg-x11-font-utils,shadow-utils,pygobject2,libtool,tzdata,tar,groff,ncurses,e2fsprogs-devel,libXext-devel,bc,openssh-clients,cvs,libcap,pkgconfig,nss-softokn-freebl,make,libxcb,libX11-devel,openssh-askpass,mesa-libGLU,kernel-headers,bzip2,cpp,gcc,util-linux-ng,libXrandr,texlive,GConf2,unzip,readline-devel,tcsh,fontconfig,xml-common,curl,zlib-devel,ghostscript,net-tools,ncurses-libs,lm_sensors-libs,keyutils-libs,usermode,qt3,cups,glibc-common,udev,libXext,selinux-policy-targeted,sed,docbook-style-xsl,ntp,info,python,libXcursor,libX11,ntpdate,passwd,setup,libcom_err-devel,yp-tools,lua,urw-fonts,enscript,cups-libs,diffutils,xorg-x11-xauth,rsync,expat,glibc-devel,shared-mime-info,libstdc++,libacl-devel,gzip,imake,postgresql-libs,ncurses-devel,libstdc++-devel,ed,xorg-x11-server-utils,libgcc,mysql-libs,valgrind,cdparanoia,pax,e2fsprogs-libs,glibc-headers,perl-Pod-Escapes,cpio
RedHat-6.2-x86_64,man.x86_64,findutils.x86_64,texlive-texmf,libX11.x86_64,libstdc++.x86_64,net-tools.x86_64,libacl-devel.x86_64,gawk.x86_64,libcap-devel.x86_64,gettext.x86_64,xorg-x11-proto-devel,imake.x86_64,libss-devel.x86_64,pax.x86_64,expat-devel.x86_64,passwd.x86_64,automake,yp-tools.x86_64,perl.x86_64,selinux-policy,readline.x86_64,mysql-libs.x86_64,shared-mime-info.x86_64,pygobject2.x86_64,glib2.x86_64,doxygen.x86_64,cdparanoia.x86_64,libcom_err-devel.x86_64,gnupg2.x86_64,vim-enhanced.x86_64,util-linux-ng.x86_64,libX11-devel.x86_64,libxml2.x86_64,procps.x86_64,kernel-headers.x86_64,zlib.x86_64,man-pages,readline-devel.x86_64,shadow-utils.x86_64,bzip2.x86_64,fontconfig.x86_64,usermode.x86_64,rpm.x86_64,diffutils.x86_64,bc.x86_64,gcc.x86_64,file.x86_64,libxslt.x86_64,libXau.x86_64,time.x86_64,tzdata,ghostscript.x86_64,make.x86_64,policycoreutils.x86_64,glibc-headers.x86_64,glibc-static.x86_64,curl.x86_64,gzip.x86_64,chkconfig.x86_64,zip.x86_64,expect.x86_64,cpio.x86_64,glibc-devel.x86_64,grep.x86_64,tar.x86_64,libXext-devel.x86_64,sed.x86_64,xml-common,gstreamer-python.x86_64,patch.x86_64,glibc-common.x86_64,libtool.x86_64,ncurses-devel.i686,glibc-devel.i686,postfix.x86_64,cpp.x86_64,qt3.x86_64,pywebkitgtk.x86_64,sysvinit-tools.x86_64,which.x86_64,gcc-c++.x86_64,ncurses-devel.x86_64,nss-softokn-freebl.x86_64,selinux-policy-targeted,GConf2.x86_64,glibc.x86_64,expat.x86_64,initscripts.x86_64,openssh-clients.x86_64,docbook-style-xsl,rsync.x86_64,ntpdate.x86_64,libxcb.x86_64,xorg-x11-xauth.x86_64,desktop-file-utils.x86_64,unzip.x86_64,dbus-glib.x86_64,libXext.x86_64,cups.x86_64,glibc.i686,setup,ncurses-base.x86_64,ed.x86_64,perl-Pod-Simple.x86_64,ntp.x86_64,urw-fonts,udev.x86_64,python.x86_64,ncurses-libs.x86_64,abrt-addon-python.x86_64,xorg-x11-font-utils.x86_64,groff.x86_64,less.x86_64,info.x86_64,tcl.x86_64,pkgconfig.x86_64,cvs.x86_64,libgcc.i686,tcsh.x86_64,kernel.x86_64,enscript.x86_64,libgcc.x86_64,lua.x86_64,httpd.x86_64,coreutils.x86_64,bash.x86_64,ncurses.x86_64,libcap.x86_64,xz.x86_64,sysstat.x86_64,perl-Pod-Escapes.x86_64,xorg-x11-server-utils.x86_64,openssh-askpass.x86_64,xorg-x11-xkb-utils.x86_64,e2fsprogs-devel.x86_64,zlib-devel.x86_64,binutils.x86_64,libstdc++-devel.x86_64,valgrind.x86_64,file-libs.x86_64,texlive.x86_64
